D1,D2,D3,D4,D5,D6,year,weekofyear,week_start_date
0.05391572136633693,0.33473185559814755,0.02629509326174573,-0.34246269342805624,0.06267686202443673,0.0188524077613004,2000,26,2000-07-01
-0.007340440866700831,0.13784764392349863,-0.15416236072875517,0.08559206928716598,-0.02931248607541312,0.17125202754580127,2000,27,2000-07-08
-0.33128402945700325,0.415153884762853,0.03293569076906907,-0.028337145898110507,-0.03587427101695148,0.19575825953713294,2000,28,2000-07-15
0.21814838738867123,0.9321213593267407,-0.5024957323646805,0.01012560762933349,-0.07019152632620423,0.2871102315604623,2000,29,2000-07-22
0.2543759382758335,0.1546158260033887,-0.41493451047095603,-0.14916741455532612,0.30990329036649256,0.1533614015214514,2000,30,2000-07-29
0.3580969264861645,-0.16060291938977617,-0.37392018645628045,0.2885346432368616,0.12639282530005194,0.058883029527747016,2000,32,2000-08-12
0.5679407109779661,-0.10180948233661817,-0.49607184773874285,0.08947452449651846,-0.0528009433030375,-0.09795789973654073,2000,33,2000-08-19
0.8527318748516319,-0.08199449315436444,-0.35780301123362257,0.32241747778700663,-0.03584424966118135,0.060607013099571186,2000,34,2000-08-26
0.6914692848792287,-0.18501667029330449,-0.08627167502054697,0.24962056494098922,-0.08259224833038627,-0.02161503063193712,2000,35,2000-09-02
0.9436711360188402,-0.1502438813708714,0.02596953977804322,0.0958633276310238,-0.02791166609903417,-0.08997913852576957,2000,37,2000-09-16
0.6250644242271466,0.07105128031135124,-0.37340811675859964,0.5647784683297765,0.19387181228521536,0.08052106562850579,2000,38,2000-09-23
0.7140898849217091,0.3035686219896809,0.3617317985471977,0.6500763526535761,0.15089672323641545,-0.13482018833258136,2000,39,2000-09-30
0.45173101730456705,-0.0728955743697077,-0.036693683325274895,0.13647261473880073,-0.12048583944495772,-0.005863589815824771,2000,40,2000-10-07
0.5150325697178063,0.28383646677796676,0.3345366963127358,-0.10763811801501783,0.08454824038032827,-0.06721096176450152,2000,41,2000-10-14
0.8255359509588963,-0.06280565180102662,0.17845118366935842,0.17564264327718382,-0.1833493905486841,-0.03903854375321914,2000,42,2000-10-21
0.6913052958165633,-0.36109144685319067,-0.10646707694954102,0.15636916512837434,-0.08264796477599261,0.015035698749465354,2000,43,2000-10-28
0.5812052581994331,-0.1912679398641896,0.27289416136265265,0.04547899011574011,0.16448306977534977,-0.008242191748937741,2000,44,2000-11-04
0.5802273898622416,-0.21655812813775177,0.47190435494361715,0.03331596813978846,-0.006812593997640781,-0.11635996517256114,2000,45,2000-11-11
0.866433406988716,0.2724179847041094,1.0909299126610565,-0.06853443035537699,0.19884381714803073,-0.1317925764972589,2000,46,2000-11-18
0.9245047962929532,0.03612973410330485,0.5158940523651243,-0.09196531500035132,0.32876851916720345,-0.17914263994465351,2000,47,2000-11-25
0.591678598325308,-0.09289071980242228,0.12782595072431122,-0.08415526390648535,-0.15019186882485475,-0.08756085452129073,2000,48,2000-12-02
1.053631988708319,0.28407759824592194,0.5113672874486649,-0.03841570610678119,0.14371514118551607,-0.23780009950962527,2000,49,2000-12-09
0.33021590242695453,-0.29696885559851044,-0.1154669545903195,0.37123313052147705,0.16078087910142522,-0.16452397341732966,2000,50,2000-12-16
1.2237156114923797,0.2018934541722849,0.3874783172530025,-0.21458299490406496,0.1506546133386743,-0.19168841002042386,2000,51,2000-12-23
-0.29061843812548066,-0.08518777068656107,0.011884845574816467,-0.14629519633666888,-0.07733446080752432,0.06468160519396246,2001,1,2001-01-01
0.3022263492007265,0.030198433641996432,-0.024210936716974003,0.23258603396558236,0.003463293898364757,-0.04027725022133412,2001,2,2001-01-08
-0.04163581493374327,0.04121040266188583,0.36996260143396165,0.525434412211509,0.33411576465196385,-0.12479992134101675,2001,3,2001-01-15
-0.45877689915845343,0.5268183586665409,-0.3423447375312061,0.06392708967431616,-0.16927808596574426,0.08500848594928981,2001,4,2001-01-22
-0.41322606671244555,0.1386935235826025,-0.7090078979826755,0.1147022409535895,0.06481126512918794,0.11486616014434725,2001,5,2001-01-29
-0.04225368531671188,0.6479460269156455,-0.2105787681033602,-0.2861445285761818,0.16699493605006543,0.03242993967584672,2001,6,2001-02-05
-0.42799600079004063,0.6365581113574151,-0.11262447470275416,0.1375840773797854,-0.03898946117792934,0.03082570256904042,2001,7,2001-02-12
-0.1800832290194747,0.7443240696659413,0.0016443946096588282,-0.06523748283133671,-0.18959134021932622,0.11517035680946072,2001,8,2001-02-19
-0.15124267126339355,0.11672302322633592,-0.17238019193879242,-0.19947667016197018,-0.02254790166014342,-0.050326108195297856,2001,9,2001-02-26
-0.477628433752717,-0.06651392545503484,0.06966972977890958,0.17685507468623013,0.10761459099827714,0.08000671168932505,2001,10,2001-03-05
-0.19152465197496196,0.15556103012251063,0.10154161471110484,0.07551280306498162,0.03388831750534112,0.31646951506742566,2001,11,2001-03-12
0.13939082710216325,0.00928112453616554,0.23549029055391515,0.30661628159694704,0.03526083013102049,0.05831754958216699,2001,12,2001-03-19
-0.622312501207174,0.33547857010661736,0.15025687003371566,0.13896794130428972,0.04190581114064622,0.30169207083894634,2001,13,2001-03-26
-0.31829261224738287,-0.005881933712654003,-0.23776732384167037,0.005421664842357829,0.09790952723415125,0.22625664153839362,2001,14,2001-04-02
-0.19844494312674485,-0.3083186205266797,-0.5130914843066547,0.029091447744842874,-0.005930815439569984,0.24211926934228042,2001,15,2001-04-09
-0.23310262145180458,-0.15319619231657694,-0.3183988806016847,-0.05668942843552655,0.06237262338235634,0.16996445937588886,2001,16,2001-04-16
0.03147637022484093,0.0019800495573417797,0.11933238695578349,0.005478468155183533,0.14136118751872673,0.05177360114288411,2001,17,2001-04-23
-0.25581220848137676,-0.03210224718312705,-0.027409193498661423,0.10666836581546837,0.11335365511674844,0.17721817530324252,2001,18,2001-04-30
-0.35422310290471376,0.19806950595026948,-0.08891355987305206,-0.09094943542255793,-0.17579479955255278,-0.025411402211685283,2001,19,2001-05-07
-0.343129858273399,-0.11283836795137603,-0.12053764070059991,-0.5996516631054596,0.37577408187856653,-0.09895718807376011,2001,20,2001-05-14
-0.15261405483289014,-0.06429534731655792,-0.23345038465633156,0.004946172861108766,-0.0078163021637919,0.23762222091615035,2001,21,2001-05-21
0.01581434172456447,-0.08328739166718085,-0.36406279697781946,0.07361434304108713,0.21039271171042057,0.19389378829685258,2001,22,2001-05-28
-0.00040124939728634554,0.10782308148627086,-0.1893839682921764,0.2650237915963384,0.44225721048927014,0.03695787036618642,2001,23,2001-06-04
-0.2124412358107921,0.3501847319759804,-0.46032664728862693,-0.09916220966619686,0.009932529635817498,0.22490996484102233,2001,24,2001-06-11
-0.005580926725138907,0.8753652374443606,0.1388136064105829,0.07231158061261603,0.14010648566455824,0.0284353618639398,2001,25,2001-06-18
0.11540776501724272,0.5202117968106859,-0.3394248771506382,0.19913431409051469,-0.0008852963348181808,0.12881063427960057,2001,27,2001-07-02
0.33406867294186815,0.1914615793596392,-0.6385815168963459,-0.044080102860286026,0.07318285268260215,0.1397014143086568,2001,28,2001-07-09
0.3158426386683877,0.16449300024057528,-0.1975041063636956,0.11245710979762791,-0.0012422679041209847,-0.10398254898738332,2001,29,2001-07-16
0.07135463671503997,0.10149763555269242,-0.1924954656623924,-0.036879334984156714,0.03773478952326077,0.1090043768413113,2001,30,2001-07-23
0.5394990198988752,0.5722078065252054,0.02031230860522552,0.0718651439299531,0.03515315918783693,0.059825564477695256,2001,31,2001-07-30
1.1429916956633288,0.6003958510033248,0.03360048758102567,0.13960692687062842,-0.04926778346592384,-0.06129494328671897,2001,32,2001-08-06
1.0620631749809024,0.2668928878396345,-0.16880236506110258,0.07382491164094943,-0.08896166071045075,-0.1460011021472361,2001,33,2001-08-13
0.5156033639484902,0.24749903559368053,0.09775608061460782,0.05936571545707431,-0.24624952175688922,0.08813024886269444,2001,34,2001-08-20
0.6134282513527224,0.08614370315962636,0.21719005876898492,0.19295505172461383,-0.03696374965402999,0.06154870956673828,2001,35,2001-08-27
0.5108583066453752,-0.09710993485825013,0.08728422565283547,0.10269606297965854,-0.07970595597073102,0.07280934951301421,2001,36,2001-09-03
0.7093011225552093,-0.11097250377709511,-0.12201433102066533,0.1386249011696419,-0.09336162148468284,0.03311258973360069,2001,37,2001-09-10
0.33091390543604876,-0.29734307399611976,-0.2525946787809007,0.12487119998559268,-0.00779000127956795,0.1917285269593153,2001,38,2001-09-17
0.7385235474274943,-0.1453763063837228,-0.11266149623873364,-0.07012310241418594,-0.040007779119796555,0.00031650924964247984,2001,39,2001-09-24
0.6853697119325266,-0.3205268041591133,0.05014152958972938,0.08528905481232425,0.12401477494863149,0.13547172707902608,2001,40,2001-10-01
0.8477410277254676,-0.5520605914097797,-0.4037872618927996,0.10448949071438142,0.07250054621457867,0.027155201598999285,2001,41,2001-10-08
0.6991166249084559,-0.48282477479296276,0.09103344949639042,0.41664496084059754,-0.08475249179099645,0.07991437216809832,2001,42,2001-10-15
-0.09744123080965057,-0.115446584530502,0.41647260942486436,0.16532223587585815,-0.1216843593707355,0.21072974703652486,2001,43,2001-10-22
0.08716469756183617,0.018047275249538378,0.18790120497069035,0.2760463662580845,-0.0074962406329514425,0.022434776580615105,2001,44,2001-10-29
0.1568584306760707,-0.31687540900924466,-0.10234654419119563,-0.16765585980409545,-0.1600498790153886,0.10047072164607417,2001,45,2001-11-05
0.04225047450236929,-0.29194857285211573,0.18288604391234628,-0.018551228314582516,-0.10130168545493493,0.03549880940797092,2001,46,2001-11-12
0.1217853627097761,-0.5437196844402892,-0.0785701213414418,-0.1274753396013473,-0.02380052040340966,0.030625620516774536,2001,47,2001-11-19
0.20650178988866455,-0.35119997456802354,-0.04497737192238652,-0.24995904220655976,0.001440609030251408,0.06960829951180976,2001,48,2001-11-26
0.08618510253980682,-0.32561125075132563,0.08745962085073934,-0.1843538641929809,-0.07382376204711694,0.13307259286884,2001,49,2001-12-03
-0.4205769519165023,-0.45481166956098423,0.009208866083283116,0.18525706928541302,0.21805662215773272,0.056914207007831674,2001,50,2001-12-10
-0.2635138420016128,-0.07949326613191482,0.26554351955348254,-0.14519373760716547,-0.25876549292281026,-0.031574251364322584,2001,51,2001-12-17
-0.42299632269376913,-0.427001445781301,-0.07661033052839897,-0.15871516379173992,0.11677865252201156,-0.11528881704361627,2001,52,2001-12-24
-0.2857785792659303,-0.29969493347442877,-0.508412850673521,-0.17774395878575333,0.017208476629789644,-0.03537911797172498,2002,1,2002-01-01
0.6616410618044936,-0.49210541374104944,0.019063907960600576,-0.09556528104454817,0.15907240869588296,-0.12486548285118346,2002,2,2002-01-08
0.7028361393323613,0.1287878576284426,0.41269049301995003,-0.07995885365382212,0.004045673324500315,-0.0371855958418825,2002,3,2002-01-15
0.06081420012045853,0.18883246838510137,0.5688863095111278,0.3450827878735693,0.3010931164143458,0.05488595612625227,2002,4,2002-01-22
-0.5601829889940139,0.4415514102388419,0.167571577476184,0.045418375151350526,-0.19653175891933147,0.04595042701521657,2002,5,2002-01-29
-0.3502508200504303,0.5595321207559247,-0.15061113672094562,-0.19506079872808296,-0.32646121148051677,0.18872970990251822,2002,6,2002-02-05
-0.2766459931301633,-0.2690402839232145,-0.09884599620441092,0.07479277170489776,0.10968577904108165,-0.014834214237486664,2002,7,2002-02-12
-0.2513290946831358,0.43027153970129856,0.3889357961090884,-0.18623457818508526,-0.09327457051387111,0.011125013027171997,2002,8,2002-02-19
-0.6181341076531466,0.2539248755556973,0.19252129391462924,-0.03225441026461242,-0.02234977650447849,0.10711439707175936,2002,9,2002-02-26
-0.10069816247776847,-0.42136413043249543,0.1396071268044654,0.04851157264554293,0.058743431982428596,0.2599240587712045,2002,10,2002-03-05
0.08768140236212547,-0.06448165909683211,0.19688043778726522,-0.23165862721861208,-0.023303306286576758,-0.04174970208417812,2002,11,2002-03-12
-0.29024981985213133,-0.07308329424637369,0.07170357008429537,-0.04775175237399695,-0.14052214703918642,0.16581446645874692,2002,12,2002-03-19
-0.6605700508314134,0.1148696412089915,-0.17034112233054713,0.028466149295110262,0.17477005178178706,0.12664272719919642,2002,13,2002-03-26
-0.5177244651352557,-0.007325312986003082,-0.03706336917733928,-0.13638836438737822,0.1604952838985801,0.13314002483247558,2002,14,2002-04-02
-0.5549005904661493,0.13936323423901026,-0.11952547692364304,-0.25124929821972874,0.13533883273351754,0.015026904263356608,2002,15,2002-04-09
-0.2944823629656779,-0.02733741005737609,0.16333156909296923,-0.00626302113504193,0.30164502889453776,0.21754374936063095,2002,16,2002-04-16
-0.28470282772085465,-0.06383534277245978,-0.050549191386938266,-0.17555341417391088,-0.1696415254252855,0.07676379337992743,2002,17,2002-04-23
-0.21871955924283104,0.29159917089640386,0.17460688337808306,-0.36818939853497007,0.271472621842399,0.056580188791476416,2002,18,2002-04-30
-0.3720247194406027,0.08983224114148117,0.12794987430963067,0.05290145943967846,0.1912310632252981,0.13536458995760078,2002,19,2002-05-07
-0.6330781360720998,0.37475372713603655,0.055633581089294226,0.12790695931792048,-0.4062742014408979,0.0913631127354865,2002,20,2002-05-14
-0.09508030830941688,0.21916438437101438,0.12377397922672544,-0.1795252630524518,0.07371041332921384,0.17757608885586687,2002,21,2002-05-21
-0.28004112958860644,0.2335323351834598,0.0324588240761883,0.03513069786910894,-0.28837800532932956,0.020584675940288698,2002,22,2002-05-28
-0.04957134059090063,0.08847211807421713,-0.3675887035221333,-0.0022920685940083733,0.14037379904520478,0.1616164184678545,2002,23,2002-06-04
0.04606160658786777,-0.20285812774028797,-0.207375088145164,-0.3978777719675967,0.35848456751160274,0.0594341419675665,2002,24,2002-06-11
0.2123497589010205,0.6079943450205482,-0.23841101646127516,0.12640700957179762,-0.009598206581985291,-0.0003915705583989043,2002,25,2002-06-18
0.4406461506905916,0.8319121812939411,-0.3026978244063242,-0.11382845030668542,0.018534569405161905,0.14684723147429765,2002,26,2002-06-25
0.22805473754091274,1.3332922821531932,-0.2213192331883843,-0.05273038214642334,0.06629243804248686,0.06087253453634725,2002,27,2002-07-02
0.27179096424283467,0.6858481069990942,-0.25682200206437367,-0.053308239453767475,-0.14256997744378597,0.045572513215181375,2002,28,2002-07-09
0.20086856699263234,0.9691984381754802,0.18036514051533087,-0.07329853894224941,0.4380865066065692,-0.221547489917414,2002,29,2002-07-16
0.41563791734956335,0.30135876482463886,-0.32585649382447646,0.3388872228687879,0.06517810765463142,0.14657734890957247,2002,30,2002-07-23
0.2051163072029242,-0.08727781014462961,-0.27469330778135204,0.1706610751136667,0.18383731558320016,0.020104214891672016,2002,31,2002-07-30
0.8746728766442216,0.3820793214136268,-0.296689818450738,-0.2661439571235048,0.3012241481857586,0.09208968506560927,2002,32,2002-08-06
1.1276151182841274,0.18480264726413548,-0.2842630824993663,-0.002024680180081284,0.05499280518209959,-0.07407750073615807,2002,33,2002-08-13
0.6245719617816503,0.32931513794666567,-0.5580129489403011,0.23534749835130114,-0.05125433443048136,0.10751213043232677,2002,34,2002-08-20
0.6474559809131961,0.023928293240723843,-0.04319810767877286,0.09042330795412215,-0.03143808037798165,-0.04848415707412166,2002,35,2002-08-27
0.376852870189299,0.06656702279599007,0.3998857212956564,0.20873017687219544,0.12630895663813024,-0.24850666250513398,2002,36,2002-09-03
0.9063842025635621,0.10750953377230474,-0.03390375639556714,0.314544110431105,-0.18341965960684645,0.09329484009849512,2002,37,2002-09-10
1.3997729709776645,-0.08937938592329092,0.03136662823384909,-0.13588178772699178,0.16118428178193334,-0.1511003574426766,2002,38,2002-09-17
0.6233245718998248,-0.1806758041631237,0.1107775425281126,0.2066525147361896,-0.20980769965512935,0.1449397792798332,2002,39,2002-09-24
0.7281691748342306,-0.21864874163487874,0.3246046400367639,0.4133693750296599,-0.021285910064278907,0.16965566302029175,2002,40,2002-10-01
0.3115558950912373,-0.3824486106480002,0.013227640195870142,0.14940070290413227,-0.08234433761930593,-0.009504276944588361,2002,41,2002-10-08
0.25429227123486636,0.17156524923723077,0.2794299942231298,-0.25694209998584716,-0.02003686362612858,0.053087281675133914,2002,42,2002-10-15
-0.07544961530960521,0.15044880254069112,-0.092696970482162,0.1345844423680127,-0.21056220067227713,0.06358771890438578,2002,43,2002-10-22
-0.13050845957719454,-0.4195616663820396,0.04944438125566962,-0.046525366101492154,0.05450080385437709,-0.11778525996612456,2002,44,2002-10-29
-0.3625663125728546,-0.33877469182609204,-0.13786861885532226,-0.01142877779834603,0.05262579738058723,0.08466998824621302,2002,45,2002-11-05
-0.5184337851826116,0.03940105222928632,0.05021254094367892,0.18411212898101648,-0.09844143604326008,0.1314847743372408,2002,46,2002-11-12
-0.37675058858607585,-0.11169335278421853,-0.06036453820393464,-0.10237892782494404,-0.15517694197442344,-0.034446774101174873,2002,47,2002-11-19
0.02760627223283571,-0.24843046987437356,0.07075218471306333,-0.13908810304521135,-0.00091822720581132,0.003986404919323429,2002,48,2002-11-26
-0.09333813505713628,-0.2879339322982913,-0.047434145155081,-0.16469320903106918,-0.14834301212619894,-0.11819652033409726,2002,49,2002-12-03
-0.17052745950791667,0.05291008677566404,0.1519931169853395,-0.11719131219090106,-0.249166893331074,-0.1318604333927176,2002,50,2002-12-10
-0.22520834144138818,0.04857862857030061,0.13396818946316624,-0.3108046737703799,-0.21763873777242082,-0.18894626611606263,2002,51,2002-12-17
-0.5413605936190162,0.010787835274900189,0.3540722686348181,0.4532707585811824,0.20126236718433632,0.012334955705198632,2002,52,2002-12-24
0.2953411572448604,-0.3455025689501838,0.016542731378447903,0.057753678468451655,-0.22245668492922716,-0.1662057511237756,2003,1,2003-01-01
0.27602687243713536,-0.48052090337157793,-0.578149834548819,-0.34136646195470427,-0.2127912989385697,0.01758071677790332,2003,2,2003-01-08
-0.25738761468738286,-0.004575734795457125,-0.15484584892202274,0.0666979710494899,-0.18624599213131868,-0.10344143045892788,2003,3,2003-01-15
0.15614383515331026,0.009289457706483484,0.03919448837853777,0.25632316165929875,0.03088332999244929,-0.11423095589382087,2003,4,2003-01-22
0.589691669135478,0.2714556182978479,0.48069288472861305,0.03270082491952306,0.008735183289996895,-0.0741372192469463,2003,5,2003-01-29
-0.4760743894675738,0.38390126095784366,0.18200622271113148,-0.046858151411723045,-0.11524839999699792,-0.13119404647908084,2003,6,2003-02-05
-0.38535894865926623,0.11618159711260685,-0.3035863933490302,-0.05808056371077685,-0.0058697430040571055,-0.14789252731214428,2003,7,2003-02-12
-0.0974064160451846,0.2993767123297009,0.4399687080895274,0.06611954377508789,-0.4207975140251884,-0.22816863502855753,2003,8,2003-02-19
-0.00039667734309940805,-0.3042008537213961,0.4395022410194071,-0.15609495335932483,0.6276555800306507,-0.08009655016930381,2003,9,2003-02-26
-0.2787389691460783,0.19138626008048049,0.28970254976744775,-0.24477751753606225,0.12013087526816638,-0.0981270029385991,2003,10,2003-03-05
-0.5066507676065837,0.3378964547216789,-0.028053706874283615,-0.03830473942900929,-0.22815783257572425,-0.06481993606245362,2003,11,2003-03-12
-0.3904639175671918,-0.18081938516982451,0.17614071837181594,0.13786806120969208,0.07254754868908461,0.03656659150596002,2003,12,2003-03-19
-0.18636998076002537,-0.18950625755750866,0.08689649842919378,0.11515058190900448,-0.017085713852306283,-0.04556277941114483,2003,14,2003-04-02
-0.48465325819725125,-0.06338642347684356,0.24175563805275846,-0.00043682124621999274,-0.10938176808443409,-0.003145102323657979,2003,15,2003-04-09
-0.43468468703490387,0.1649796469568901,-0.1605250668660081,-0.16457748429752514,-0.1104038965428936,-0.04236433504027031,2003,16,2003-04-16
-0.18330170053998424,-0.24221091934709668,-0.058486291011356106,0.033653426382016,-0.05841632069816319,-0.003629597027403151,2003,17,2003-04-23
-0.48555514836097086,-0.273908237039307,-0.5196370004230418,-0.17692663010122,-0.1196991306591294,-0.04129843251385345,2003,18,2003-04-30
-0.5705637192527034,0.17446063671241624,0.12384375212071633,0.3196129221131809,0.24980348265722713,-0.06542118120556162,2003,19,2003-05-07
-0.6173584435522534,0.4446775481937185,-0.5586600662744059,0.20992274395750196,-0.019773729105678706,0.08072030498760421,2003,20,2003-05-14
-0.3390144427441553,0.5432320508084304,-0.15851852909456876,-0.0029952139361689445,-0.31660160009595967,-0.004811272615066767,2003,21,2003-05-21
-0.4690825917482492,-0.2078599978831898,0.0620212530728479,0.5178975770433731,0.2622691415471583,-0.10766268969674468,2003,22,2003-05-28
-0.5602315635276265,0.24839778725026385,0.003569796393063176,-0.025455682141890104,-0.08367524199150844,-0.13181654887950953,2003,23,2003-06-04
-0.4120222605310952,-0.12480129727485056,-0.35292755710309487,0.08339558879422343,0.05522404764449626,0.013869668348207166,2003,24,2003-06-11
0.13706381936769824,0.2644451243772429,-0.48977887989123636,0.021751897722711612,0.015843481499299247,-0.02493626112743042,2003,25,2003-06-18
-0.4336614977067757,0.45403883102110754,-0.2556854731863362,0.19543696754329815,0.06488632459730787,0.03657113896427319,2003,26,2003-06-25
-0.2873385314725773,0.43297405779425835,-0.4463321025605094,0.07889364733086321,-0.03205467728297535,-0.0993639129993521,2003,27,2003-07-02
0.21204494215287917,0.5616092519497312,0.15100397716746233,-0.12337162499092064,0.2788182944379624,0.008309623966138997,2003,28,2003-07-09
0.6538242758719784,0.7117992823181746,-0.40124259804143003,-0.02949867543930279,0.013988356055403411,-0.01914197012580171,2003,30,2003-07-23
0.2692079002658867,0.5591046577242126,-0.07362867785079892,0.15444426826465465,-0.18713941132974515,-0.08930310036573773,2003,31,2003-07-30
0.4037713951736421,0.2923657903015563,-0.023283394493055512,0.5385388455107964,0.07949780490233255,-0.06569038227055025,2003,32,2003-08-06
0.18089388894068215,0.2761763803015055,-0.08165975193211693,0.2056643510467987,-0.08874946469884669,-0.04696018561263999,2003,33,2003-08-13
0.4863218495921493,-0.1413245674619677,-0.48787501017063595,-0.06968437582103348,0.08609645128079418,0.1072445814629696,2003,34,2003-08-20
0.26167294592833207,0.13026278751031503,-0.011515993845705542,0.1037241999232379,-0.23227716556361064,0.09372103827173744,2003,35,2003-08-27
0.9683963790656651,0.5170023914025998,-0.28634561808841724,-0.14318605666710466,0.2339001897002442,0.1553968420354748,2003,36,2003-09-03
0.6155537618598048,0.15928696811665782,0.1804963982715328,0.2190474117766531,-0.13971810213073338,-0.012976858001084748,2003,37,2003-09-10
0.4069663354718098,0.06137883567112275,-0.505860765143418,0.25782394270280967,0.00198397771989052,0.40514419816679526,2003,38,2003-09-17
0.07072572519312562,-0.4528878524595849,-0.2666998723543821,0.030925868498108102,0.20705426312378813,-0.021474288879628697,2003,39,2003-09-24
0.17345841202097684,-0.25262753674029104,0.34636688971452856,0.107295538628893,-0.002065584256683673,0.16658878784972025,2003,40,2003-10-01
-0.009827729838944893,0.03761282290580517,0.21056210083283317,0.09281393246591896,-0.33096694148617684,-0.0396655350368158,2003,41,2003-10-08
-0.0663227109034838,-0.09881272937130246,0.04087637015418198,-0.1491966196274326,-0.13058895986398178,-0.041199546547721275,2003,42,2003-10-15
0.3497262570792676,-0.6828672575750449,-0.27520554898110355,-0.22873547243532463,-0.13293132156045592,-0.06805428022698601,2003,43,2003-10-22
0.407394525065632,0.235394724041635,0.6445032434621835,0.19395613914626542,-0.26026220933309857,-0.11255277675393657,2003,44,2003-10-29
0.04962619691663119,-0.5512352588222146,-0.30713511007382965,0.23531331422727975,0.037361264997016114,-0.09417276571436749,2003,45,2003-11-05
0.28355135543362575,-0.16301023567324333,-0.11663845307091106,0.0018708120789998478,-0.2309855925433825,0.10631454704248525,2003,46,2003-11-12
-0.2599061919471854,-0.43649057302164457,0.11693660065620123,0.34658347535364764,-0.010422876746538579,-0.03463414652415975,2003,47,2003-11-19
-0.02310913076547283,-0.3107834949626829,0.15493497054658345,-0.03082090114629317,0.04646617161079962,-0.07324432782121279,2003,48,2003-11-26
0.044861533847004725,-0.5022369052021616,-0.1787839597027844,0.08114873515357156,-0.1304192745979396,-0.008230053491795342,2003,49,2003-12-03
-0.28655142475038525,-0.5934540850854951,0.02994975326834369,-0.007920080014089635,0.11282896080899887,0.04440704911899784,2003,50,2003-12-10
-0.2649161937222133,-0.0009322035516992431,0.36943007584645454,0.021404143467110733,-0.15671346512224932,0.06928983895566027,2003,51,2003-12-17
-0.5437174552735586,0.11374952242982164,-0.313419871947486,-0.08228197448862243,-0.23778775433737723,0.03737655593716678,2003,52,2003-12-24
-0.5976385700311562,0.2697245664468413,-0.14347288163917665,-0.040496857000731384,-0.2546751204879637,0.053767689044683625,2004,1,2004-01-01
-0.488463515366487,-0.12259011913159461,-0.07606947600713643,-0.005473984273803634,-0.13702223864671448,-0.08338523307706464,2004,2,2004-01-08
-0.30815897860827773,-0.3569105867050171,-0.12939317532514222,-0.1588310951844477,-0.12918766134777496,-0.034375299478453976,2004,3,2004-01-15
0.40770754426652195,-0.3130092829987776,0.07124369415431189,-0.1811112773109989,-0.1378281764850851,-0.04859588133190698,2004,4,2004-01-22
1.1171538477224205,0.1870407457776409,0.5111163996228811,-0.24426149434372774,0.11341305420844561,-0.2282189880318913,2004,5,2004-01-29
0.7100874525871,0.3459578480105461,0.7276296740622445,0.14537121479889314,-0.21127101626065928,0.11877706629505147,2004,6,2004-02-05
0.1035693000917671,-0.11807223194687894,-0.02509801852586463,-0.32742886887366796,-0.12881834366854983,-0.1725302429720735,2004,7,2004-02-12
0.11975113726076758,0.15893062071974767,0.2334117772582672,-0.16437733041932845,-0.03200996789128033,-0.17635258884065316,2004,8,2004-02-19
-0.23152415804823165,-0.33139808832151857,-0.033323043135559755,0.039759402128868915,0.3104889818491255,0.030075438165040123,2004,9,2004-02-26
-0.13198176953711124,0.01827556226628677,0.2561300104484132,0.030586527096064707,-0.1985070684070484,0.09953546385316125,2004,10,2004-03-04
-0.39340081672121907,-0.06747321951804022,-0.2223832556566905,-0.151583497035678,0.12421335599539367,0.07878553220376419,2004,11,2004-03-11
-0.24940504000491093,-0.5987104172205665,-0.3498556986763695,0.28754312765333134,0.1546025039504324,-0.06083795203309053,2004,12,2004-03-18
-0.666021468270776,-0.07617888814938675,0.02954135303692995,0.17992844901081195,0.06825636190427709,-0.04230249358772063,2004,13,2004-03-25
-0.6116812706886067,0.26063240710039004,0.3391029892411574,-0.2543521867825491,0.36244506556382294,-0.03260262866659775,2004,14,2004-04-01
-0.25803588543152955,-0.2950955838286622,-0.17658063237597013,-0.5473363530262843,0.0768300943461166,-0.03206371715578067,2004,15,2004-04-08
-0.13821371560679918,0.011275191649352614,0.2503554430864581,-0.0191651058876635,-0.0794411742017108,0.01161200106232235,2004,16,2004-04-15
-0.4479039354685748,-0.31465331965029075,-0.14298654991515694,-0.019281252913338147,0.19298656798406574,0.0464052520713229,2004,17,2004-04-22
-0.6193777365168863,0.01352178378073806,-0.13651039043107568,-0.05460368985780831,-0.1833637353229307,-0.03737803108075308,2004,18,2004-04-29
-0.41434644573832213,0.17870840161549847,0.3279988046987498,0.16608494623081135,-0.08670240392762227,-0.029991092966545924,2004,19,2004-05-06
-0.38664244087369337,0.5384499399780711,-0.08468465771575784,-0.03247869345337408,-0.2236390415746319,0.05224316411450415,2004,20,2004-05-13
-0.45367779421971516,-0.10317159846075319,0.06374710391733995,0.6545713027813541,0.23943567029540397,-0.22368312149640135,2004,21,2004-05-20
-0.18978805662603604,0.5070225244560786,0.19342646780806114,-0.05600060708246445,-0.14719628683970404,-0.1404799473092198,2004,22,2004-05-27
-0.44926960153884077,0.44206707610886237,0.1399602999083634,0.3217198605426506,-0.07892407341958105,0.04386931148942286,2004,23,2004-06-03
-0.6213394264823915,0.4233063026909178,-0.3599334465774078,0.05820556505431418,0.05205295204347221,-0.007740076366926189,2004,24,2004-06-10
-0.1927542513253386,0.1772641099770881,-0.3497808080398504,0.13522738904018783,0.17121699356468464,-0.15793380428189116,2004,25,2004-06-17
-0.07810526793640094,0.7462387124507739,-0.33944276209403984,0.14084876671493687,-0.150742162248358,0.05758675669752436,2004,26,2004-06-24
-0.2598238337067487,0.31576123519699717,-0.36908485688722303,0.06539715816242189,-0.22503310629503726,-0.09886410918378674,2004,27,2004-07-01
-0.04546011743156399,0.06394095415547993,-0.4113160140758582,0.09240229661824523,0.1201590401851054,-0.19259912576641441,2004,28,2004-07-08
0.24713115132349847,0.28814406894568423,-0.02100299295159777,0.09033494485435233,-0.016418669056188967,0.0738525256156291,2004,29,2004-07-15
-0.06533349048131208,0.18616863205751266,-0.3121534704571797,0.085275462230367,-0.13174286362136284,-0.1529643291094677,2004,30,2004-07-22
-0.10345445844435236,0.46006410595791203,-0.14285482405088962,-0.0031549588505846438,0.33191505356499906,-0.03730557120254955,2004,31,2004-07-29
0.5253166719420843,0.4282008535379156,-0.2087406028091423,0.18737607840357237,-0.12220106399212025,-0.1315537352370482,2004,32,2004-08-05
0.6527658090984771,0.8111222190631489,-0.26970727961359015,-0.15744364244206818,0.25902321722023475,-0.18366625296454692,2004,33,2004-08-12
0.7962933757662802,0.13007692692041822,-0.3444350758057516,-0.2864751963294749,0.22837285244126518,-0.376136660046524,2004,34,2004-08-19
0.524470949035383,0.15965908451482713,-0.024010825763831622,-0.30167525738613854,0.30143003458283424,-0.2133991453097766,2004,35,2004-08-26
-0.004376268015834697,-0.2960342899284025,-0.3138079486783821,0.5343633903800771,0.23957855995547847,-0.13477917991934107,2004,36,2004-09-02
-0.08075115866004529,0.21858954809304398,0.5598851061390273,-0.05467277281544548,-0.15359367196301174,-0.20493557435485055,2004,37,2004-09-09
-0.03015287539887406,-0.0009693517709793327,-0.05224729559206927,-0.033715390611997464,-0.24974792015155323,-0.008505259061490252,2004,38,2004-09-16
0.6839063600492081,-0.10498368876422534,-0.06842127431275245,0.07660625452449536,0.056009398343095755,0.1523798351762335,2004,39,2004-09-23
0.21570133890196763,-0.3875198913856539,0.28817796143290003,0.14355366973315908,0.043621289306614276,0.13236018483830786,2004,40,2004-09-30
-0.006662988377046179,0.1373104568802895,-0.07135686803559899,-0.05108662851175351,-0.01094049268216074,0.01847102375213157,2004,41,2004-10-07
-0.11276793976933658,-0.4123523190478642,-0.1867402319247662,-0.011042828184929077,-0.14431748097525568,0.0897087471521462,2004,42,2004-10-14
0.3413579912279241,-0.10772462148400583,0.32939701657476755,-0.11351964219048247,-0.10400706752076927,-0.193984826371428,2004,43,2004-10-21
0.21314257228372188,-0.24530424267040338,0.08505880996261846,0.2204873107312222,-0.08701163302937365,-0.018627897062634798,2004,44,2004-10-28
0.16189213487583945,-0.6229234349609796,-0.0025675916975724696,0.15616715560162914,-0.01313543962421232,0.043832614972826665,2004,45,2004-11-04
-0.40885811307867403,-0.1918489513002184,-0.42772129409356463,0.008660233775486192,-0.1261852974864061,-0.04670569358925668,2004,46,2004-11-11
0.13522929099175576,-0.1671552133198484,0.4247430537671663,0.2453326614125106,-0.14524662410601918,-0.06450674698023959,2004,47,2004-11-18
-0.35117073003110244,-0.03597594785456988,0.23456257327905852,0.02484898532430592,-0.11641951734579284,0.03537525377504038,2004,48,2004-11-25
0.06411393671906399,-0.04020256025678694,0.40634983160295646,0.08418868080699518,-0.19278538513651608,-0.03888255661908373,2004,49,2004-12-02
-0.2300297663240006,-0.2729126332960057,-0.09639964062154296,-0.30759815683419545,0.12077289466296709,0.057020114459731146,2004,50,2004-12-09
-0.020402131107486014,-0.13132055557692232,0.20029358402785752,0.07061675142713889,-0.2758405366793225,-0.1254592776535652,2004,51,2004-12-16
-0.2797490289123492,-0.5289358835172483,-0.17344768050126505,0.07717858416686872,0.03699424027679471,-0.27925805206534754,2004,52,2004-12-23
-0.2797490289123492,-0.5289358835172483,-0.17344768050126505,0.07717858416686872,0.03699424027679471,-0.27925805206534754,2005,53,2005-01-01
-0.1591669816172376,-0.22953064497552472,0.08311010535785213,0.02594245548542508,-0.11731356057199153,-0.17637368861373004,2005,1,2005-01-08
-0.294945933307485,-0.3649099240804013,-0.2419725449532095,0.1635854100546118,-0.08543677230618058,0.093840945309318,2005,2,2005-01-15
0.2201056212573079,-0.5871952378428844,0.150250054089957,0.11774098078294162,-0.27103022619856876,-0.10225905495030072,2005,3,2005-01-22
0.2961050491557859,-0.3567080739016644,0.28108703482468245,-0.6229827169372728,0.13050592753807078,-0.0003150962671817463,2005,4,2005-01-29
-0.12804216719774708,-0.03620991241602914,0.6794347201223427,-0.12913919745052357,0.2096486032454037,-0.03501844693080724,2005,5,2005-02-05
-0.46754717666611895,0.20472614907671924,-0.07839456079087265,-0.10603202587720813,-0.15328049244670638,-0.04169533669411265,2005,6,2005-02-12
-0.7001760394981624,-0.14367313922982466,0.17357944872328057,0.30890893514159423,-0.04785449267450215,-0.0478808388854743,2005,7,2005-02-19
-0.17813347746877503,-0.06346440825584589,0.20809872383219066,-0.045999698476386214,-0.23471980011355842,0.0465345774035235,2005,8,2005-02-26
-0.23028088639118188,-0.18339418200108765,0.0687551935794753,-0.26737490006369935,-0.061833786022886625,-0.14172790362258023,2005,9,2005-03-05
-0.8698289421353262,-0.056415063752639646,0.38661018524921414,-0.01881783727294878,0.4276159169632455,-0.25155763518487056,2005,10,2005-03-12
-0.4533600215558277,0.017180180676784503,0.054996595320098325,0.5252226630212988,0.3081328579755973,-0.08206008194097031,2005,11,2005-03-19
-0.2614018282252195,-0.05499243828870974,0.24976792666600184,0.21998941948094464,-0.031563798305826396,-0.1944403897853764,2005,12,2005-03-26
-0.02190559400003122,-0.374709801057266,-0.391424982844116,-0.10009523018347663,-0.10883904870834518,0.13067953697360687,2005,13,2005-04-02
-0.196635564540795,-0.12632570808549382,-0.04309827064620371,0.10778136937109652,0.024791103073815754,0.05144724010538904,2005,14,2005-04-09
-0.45269641253518655,0.19646113944954768,0.28587273555217246,-0.48206805920297746,0.016250658002080087,-0.05764847820514588,2005,15,2005-04-16
-0.4899362339505286,0.023905738344192268,0.12280599128720492,-0.1546972188344769,-0.3122679926653198,0.11663984337604054,2005,16,2005-04-23
-0.5066206564268402,-0.015256369004564799,0.22128005715717095,-0.21850222562576604,0.06487241584794703,-0.10192691778709931,2005,17,2005-04-30
-0.4193524776946176,0.41980634031403846,0.18272161673194703,-0.3018514010881274,-0.11331517028808838,-0.1028635918702697,2005,18,2005-05-07
-0.010770259540323866,-0.020094359457839883,0.2300884109201939,-0.09229826337367476,-0.08919538628392705,0.10603021933034769,2005,19,2005-05-14
-0.3110212072626121,0.035229357699751856,0.0603204259661002,-0.012730213264991963,-0.17093100906792572,0.03637325942419006,2005,20,2005-05-21
0.21607611235227892,-0.22195445450844448,0.015785118242178153,-0.08829883799160886,-0.1639741498618288,-0.2783817404110402,2005,21,2005-05-28
0.1420190636480924,-0.3330096411712407,-0.3429736656953337,0.015247068344165657,-0.09370861615798308,-0.15870954065576495,2005,22,2005-06-04
-0.38662232719077705,0.4332662459248656,0.25998624165058415,-0.1949928119327871,-0.10892962958668928,-0.06746765192184359,2005,23,2005-06-11
-0.20669288037719108,0.00156487209150186,-0.08762147707939165,0.21039952326569344,0.12077461546298757,-0.10775381749722429,2005,24,2005-06-18
0.22479722247721445,0.05080233194699769,-0.16890459211549105,0.14468564244802734,-0.13644185428445527,-0.2213921356015527,2005,25,2005-06-25
0.13764913812604687,0.2886246404256112,-0.1454244143346918,0.05444205569372887,-0.26086987733783285,-0.1070065078632059,2005,26,2005-07-02
0.2600752512511434,0.2927573211015633,0.11438490503209947,0.1338685140261863,-0.092080957286255,0.030963094324806237,2005,27,2005-07-09
0.5645136198278151,0.02838666393619499,-0.7238117907817145,0.6108292192588771,0.25126923353003555,0.11680480570750798,2005,28,2005-07-16
0.8067666777856027,0.8202107692040064,0.1354079774320879,-0.04662876015764583,0.3468514198138499,0.16445347798473892,2005,29,2005-07-23
0.21356259672662167,0.37169077904573244,-0.6422642713198066,0.1137925352675719,-0.08940038502963961,-0.37341212958927394,2005,30,2005-07-30
0.7833719367244479,0.31205232189832766,-0.12419700545324963,-0.42011498715294643,0.15618609895871455,-0.13057649267161722,2005,31,2005-08-06
0.6859068756017209,0.11395861594238342,0.08021562053549354,0.16436252028420256,-0.08131874959372234,-0.13304528338130364,2005,32,2005-08-13
1.090444114916615,0.19859573357930818,-0.14879661901777225,0.3160750619874398,-0.16765172456517508,-0.021326769515263924,2005,33,2005-08-20
0.31405252523258426,-0.1804764658399939,-0.05512183198259871,0.2569350734837188,-0.07258198358754514,0.13947557911060587,2005,34,2005-08-27
0.6121842271643175,-0.18501721809229568,-0.4432655581274712,-0.11596316437397906,-0.17635692111204085,-0.1307013698034557,2005,35,2005-09-03
0.7425122064947793,-0.10480881903996923,0.11151979313417659,0.15465343555901426,-0.14065731972987736,-0.3312133074003902,2005,36,2005-09-10
0.271714779538441,0.13490030559785657,0.2358557805253484,-0.4122918521915935,0.046619912370727046,-0.06959984879588665,2005,37,2005-09-17
0.6108953987771358,0.4500535446307821,0.141065128457714,0.07264829043342207,-0.23846209864581,0.17782169748932455,2005,38,2005-09-24
1.2125760043574971,-0.6786978254997226,0.053240356058585396,0.09291017986930843,-0.15596079785889969,-0.06111597363166002,2005,39,2005-10-01
0.8013262956074397,-0.25051518665406314,0.007428803982689559,0.29759036029950137,-0.06859613972266432,0.1969037805897956,2005,40,2005-10-08
0.5993118988288199,-0.4685382760953717,0.000852271911588591,0.32958718574851464,-0.21361373858526173,-0.031056179078533072,2005,41,2005-10-15
0.4126709907800115,-0.4125229876320038,0.16035780859118343,0.20524268215796176,-0.032913807440382324,0.09989462749357801,2005,42,2005-10-22
-0.11578711843013925,-0.3763458495681329,-0.17227792760370947,0.25294300321647717,-0.035674641380746525,0.039082233724023197,2005,43,2005-10-29
-0.03010538991838811,-0.15490674293625892,0.4955384042876491,0.0966161322485005,-0.25256313930342805,-0.07513147242388356,2005,44,2005-11-05
0.11344691949335742,-0.5253404948907757,-0.14127793049835685,-0.2069045780901918,0.16106672303657857,-0.03720776013124182,2005,45,2005-11-12
-0.03224997934234404,-0.6305554554293207,-0.3351691167594463,-0.13723177819776497,-0.24745569327641595,-0.058482654151278485,2005,46,2005-11-19
-0.04182745022915646,-0.34969158680531964,0.3801601980427148,-0.26663488153991,0.12270998091607073,-0.01887456773712191,2005,47,2005-11-26
0.08375441251919694,-0.5252284596105055,-0.032494520849851674,0.04575102731716197,-0.05682255675008453,-0.03567490726535692,2005,48,2005-12-03
0.025143228472528516,-0.4099496193153006,0.1944505561909054,-0.05863929377658152,-0.12180514580604478,0.08390100101097928,2005,49,2005-12-10
-0.14401305651907262,-0.0861689741097927,0.40475490136553355,-0.34840884472410383,-0.004588614440322436,0.02602610461208272,2005,50,2005-12-17
-0.7235271273573218,-0.1404100240357452,0.3630543986163012,0.2606552028534277,0.21706056258009038,-0.07712335175053828,2005,51,2005-12-24
-0.48322217770050246,-0.4082963708876154,-0.024810541908711934,0.21489883052818315,-0.0499151221493952,-0.09081702237090371,2006,52,2006-01-01
0.5405627412157015,0.296260861232757,0.06114031968827911,0.2566995085874488,-0.14311166446866905,-0.10434365980186452,2006,1,2006-01-08
-0.18502779719019952,-0.20258395744133748,0.30285759033925064,0.35239943427349574,0.23589909009680327,-0.016060338580748283,2006,2,2006-01-15
-0.22732944955021092,0.04076294972058257,0.456154845762399,0.14662692302398447,-0.009484624844981457,0.005030227771166816,2006,3,2006-01-22
-0.45974438352238206,0.31625811903513157,0.1655478670760825,0.09682425962025429,-0.3298680393468302,-0.051149350676822,2006,4,2006-01-29
-0.3720643375376301,-0.2229744925231161,-0.4493110833320778,-0.2646893295672711,-0.2781843881418793,-0.03783254425072621,2006,5,2006-02-05
-0.5532582796262281,0.02850987564393955,0.06082939434849523,-0.026205297205318417,-0.13979724075957387,-0.14540235162319498,2006,6,2006-02-12
-0.014366667345138986,0.07127726700963338,-0.14114701970997154,-0.5537662377068345,0.2942675978051048,-0.19115369457458709,2006,7,2006-02-19
0.2422251472280833,0.1608820646608779,0.4673659646207049,-0.42787577508968766,0.10757132570400066,-0.022528497518205088,2006,8,2006-02-26
-0.32874796372259185,0.07264081747040331,0.4026793798304158,-0.034502016535741024,-0.005220563768403276,-0.10494861574254183,2006,9,2006-03-05
-0.4250704132956789,-0.5710964403541677,-0.36711378153762,-0.09981284635967347,0.0015708893948441494,-0.043666802403049536,2006,10,2006-03-12
-0.488968204810737,0.06917158212696604,0.34044504593771313,0.06201543137156004,0.27438346248902634,-0.12610855732500603,2006,11,2006-03-19
-0.45824371027015026,-0.06664576648904173,-0.05095909927000085,0.2299881598929679,0.12410753996043258,-0.19131519464441055,2006,12,2006-03-26
-0.5396937072231272,-0.14129262159469955,0.22307097137493187,0.11482887056695883,0.14757294379922953,-0.028408653923755918,2006,13,2006-04-02
-0.12604218536642858,-0.03461522750885866,0.12228038615837765,0.055257698394878874,-0.33037099851262464,0.015522661354430683,2006,14,2006-04-09
-0.30728718367602925,-0.15960894129649938,-0.052845925708336135,-0.06610096606263258,-0.017027422166260665,0.06162470127573379,2006,15,2006-04-16
-0.18956787891172006,-0.1769128594735334,-0.08571634700897288,-0.23870667523979622,0.0839204788030475,-0.2252019576453341,2006,16,2006-04-23
-0.2090709053035575,0.3922194490674799,-0.07428089245142946,0.08175732715735946,0.07447434198880092,0.0019181154736444064,2006,17,2006-04-30
-0.36897263254316814,0.27917226161028413,0.35734023304711043,0.137726431324329,-0.19493268766646366,-0.11008322408690648,2006,18,2006-05-07
-0.6113613873316216,0.15233219725527,-0.40473616102966986,0.3635645243692227,0.08145597429199342,-0.3566242362113711,2006,19,2006-05-14
0.2153194349609326,0.4191943158653533,0.12068477065260022,0.4976149055504166,0.09442765029328143,-0.0696271311037863,2006,21,2006-05-28
-0.41553112621255167,0.7180568186168443,-0.024600509162240818,0.3195644007111368,-0.0434189186463355,0.03222676725966875,2006,22,2006-06-04
-0.270113814770903,-0.0972286326778759,-0.21435849196647233,0.3444764245028787,0.20200136615418218,-0.2009682931001423,2006,23,2006-06-11
0.033935111877966606,0.3355552714425066,0.1353175203320321,0.35709826506406595,0.057119587642473,0.20936117678328836,2006,24,2006-06-18
0.10387579213967006,0.30381740888344433,-0.2796646015647836,0.2679833161025494,0.03598600008430069,0.009244331334786474,2006,25,2006-06-25
0.4660319890120099,0.3931209316587514,-0.395738184562051,-0.013724801615917818,-0.047506058598547674,0.00023827687372393602,2006,26,2006-07-02
-0.01708723246065319,0.2874065546901112,-0.3136650475528282,-0.030646891566551177,-0.27537356459903256,-0.11390006902851732,2006,27,2006-07-09
0.7698664351347763,0.35301126975763975,-0.27381896576991904,-0.36845965042013884,0.14760381595125333,-0.22303757686666442,2006,28,2006-07-16
0.34365313746750487,-0.11199183331126669,-0.3623677996170222,0.06611691494728722,0.006746539292178734,0.14119466842002057,2006,29,2006-07-23
0.6315189613528144,0.20951445389351495,-0.4353080170808979,-0.04102858275987689,0.06988563316371543,0.038890528921727625,2006,30,2006-07-30
0.20597352947534045,0.28048272915329653,0.2369958416275161,-0.14997569556453308,0.12520574383953734,0.12712115538102647,2006,31,2006-08-06
0.7814443603883668,-0.046794376592133764,-0.4991906741808788,-0.052653924194912646,-0.08823424390208742,0.08534883862685669,2006,32,2006-08-13
0.1902741923150021,-0.18403886102290587,0.030352213031374448,0.026034405719856234,-0.1840665796336735,-0.12093004474166597,2006,33,2006-08-20
0.21983847622702674,-0.00935228364608863,0.10732411996507721,0.2155888508272996,-0.057776774013521326,-0.06583937797048264,2006,34,2006-08-27
0.25261536090363335,-0.2781935681912356,-0.23085286417649636,0.21669121863732368,-0.1494904401422327,-0.09582068008137368,2006,35,2006-09-03
0.6494185296569144,0.027912199011702887,0.09980107064716835,0.3189582704797395,0.25649889708486096,-0.039864617619892004,2006,36,2006-09-10
0.5209274810531038,0.1858533869161511,0.02427289596347216,0.10076917589214701,0.6628733634561813,0.11514466345275301,2006,37,2006-09-17
0.5726723689793816,-0.37845211221209807,-0.1067819118711939,0.3356942796696469,0.004128845342003931,-0.07403538093317755,2006,38,2006-09-24
0.23062368572427538,-0.8144549404314465,-0.17532933586281957,0.2818461304482005,0.2819666430881645,-0.07089895975610958,2006,39,2006-10-01
0.5464655145159947,-0.3445958767761248,0.06423161106099794,0.2069644388111534,-0.055427001569101964,0.1984755648468696,2006,40,2006-10-08
0.06989740474564882,-0.038955172122030146,0.47920126978117883,0.14924439559391411,-0.37528130659663705,-0.12103631350193214,2006,41,2006-10-15
-0.1591438173001446,-0.5627261855316962,0.3147225184101516,-0.1803418464289998,0.2097216629347597,-0.12687250878238157,2006,42,2006-10-22
0.1166072399297037,-0.6490925172916864,-0.3688042056528964,-0.04637296922276596,-0.20033646793197607,-0.029271149499574343,2006,43,2006-10-29
0.3055027502241261,-0.6191960406895376,0.2835693153524254,-0.1298012617275554,0.02157618785875939,-0.10557815288306753,2006,44,2006-11-05
-0.27017431478873766,-0.4909692298792957,0.21962953511706085,-0.007268741846049309,-0.16897743478874303,-0.1461224276024698,2006,45,2006-11-12
-0.38114202739201597,-0.051791826722355494,-0.09400850208156221,0.0632665471221977,0.00031329187073085574,-0.00031407575679782366,2006,46,2006-11-19
-0.24750872352631575,-0.3237367156332187,-0.15899310628650662,-0.09114873262987239,-0.35251513153328073,-0.17344955382070895,2006,47,2006-11-26
-0.1663535940991254,-0.07822820212138243,0.5456721861189084,0.18674983766924158,-0.20440937375770996,-0.15652894887714963,2006,48,2006-12-03
-0.3771453165120903,-0.5960330980476286,-0.2445712500973986,-0.3048653330361732,0.22663048896664195,-0.18407643959926123,2006,49,2006-12-10
-0.4857275503029179,-0.5869095520218115,-0.19579369960069337,-0.045908906552450876,0.5050217450129534,-0.21238839006488353,2006,50,2006-12-17
-0.3540451777427499,-0.3786326747015652,-0.1242868747010141,-0.15517499508374605,0.2843231468847281,-0.20060519453072678,2006,51,2006-12-24
-0.5087688653859385,0.20544243521144623,0.09312988687198753,0.13089471421471172,-0.1281627938455149,-0.12993758661416854,2007,1,2007-01-01
-0.5006542456241198,0.2080234716149732,0.07394940168471373,-0.1993548424506991,-0.26806512288933676,-0.14669451744733644,2007,2,2007-01-08
-0.4706723086754045,-0.16148796282930336,-0.10027681072194439,0.2842025909633473,0.09277539974006604,-0.043216936885577296,2007,3,2007-01-15
-0.6809770260038619,-0.08921259494244096,0.059289601355177295,0.060648421954068374,-0.0761834537970931,-0.008572518607100659,2007,4,2007-01-22
-0.2825337396495878,-0.028539204039219352,0.36626191072644915,0.09233520199098258,-0.05334330418967195,0.013246854777865049,2007,5,2007-01-29
0.34873528418658817,-0.4265408785888667,-0.16804868202103238,-0.17311115645228853,0.10798087693870767,-0.062483645765841866,2007,6,2007-02-05
0.7247085004242428,-0.021483952697912246,-0.003388039528457034,0.08535516823161853,-0.23578755134858526,0.06801283217082593,2007,7,2007-02-12
0.8254419955375857,0.04769924170523489,0.6562299376672975,-0.2605845459452759,0.18112348012280996,-0.019987474161029514,2007,8,2007-02-19
0.4257514083059409,0.1694567900488394,0.38802959073185983,0.19701573691557223,-0.003024915521746635,0.2286119632746869,2007,9,2007-02-26
-0.5365843805765516,-0.05357863650322355,0.0581478994234106,0.2873859200409178,0.015258303843443788,0.04900126397418972,2007,10,2007-03-05
-0.3815266621198681,-0.06456634784395253,-0.255802338110249,-0.07181935047444593,-0.19206775803158535,0.0439640021071034,2007,11,2007-03-12
-0.40613465876189725,-0.08749662151005903,0.008189728429357744,0.5174264115258406,0.18520263121634448,0.00940431778003286,2007,12,2007-03-19
-0.26592677640720985,-0.10903703438956247,0.06820367938302255,0.1095812887879275,0.023620835762293374,0.014087221052849416,2007,13,2007-03-26
-0.5595806854281185,-0.16626500960602486,0.049132290660452806,0.04244073286739357,-0.025449093766557324,-0.048002710319875116,2007,14,2007-04-02
-0.5610471447459539,0.1604452107916025,0.18294738178722955,0.1099091699427036,0.05239329012999708,0.03824665245512022,2007,15,2007-04-09
-0.40676626083802114,0.18208140713936236,0.002216957974109507,0.1840796531531415,0.013072366687503348,0.004689917716012668,2007,16,2007-04-16
-0.6204055641533444,-0.13140575265596532,-0.0872709971157169,0.4560937860343829,0.19299830252928554,-0.1655824488782467,2007,17,2007-04-23
-0.42966697254769304,0.1321294702821328,0.045695462186009124,0.23430874742350222,0.03913194100277115,-0.019729051987301648,2007,18,2007-04-30
-0.28771945523206566,0.22820444658933345,0.10735050921050455,0.12872958860778344,0.08680064768432005,0.004093312219888276,2007,19,2007-05-07
-0.23245400139302813,0.5972257946735754,-0.2693810335593294,0.19799137291603022,-0.19009112003402934,0.15570243852274337,2007,20,2007-05-14
-0.1043516702372753,-0.23598964121406518,-0.2590660151224716,-0.0004228326517192599,-0.08888236662830401,0.05004960784975473,2007,21,2007-05-21
0.026617994813483495,0.3908889816225857,-0.06864856480298479,-0.4162462935880843,0.2400433795194604,-0.049341423156180717,2007,23,2007-06-04
0.08964773126458728,0.14084021543610756,-0.4312097192350851,-0.11580880431122195,0.13060663140368,-0.05090452520165159,2007,24,2007-06-11
-0.49157432858853695,0.4995297215778915,-0.05130804167169662,0.19454037145645617,-0.06686829284267415,-0.12463281453337022,2007,25,2007-06-18
-0.08577777128123013,0.6022935943076136,0.05100062534589546,-0.27129219489399964,-0.12664039713486266,-0.10635895188283438,2007,26,2007-06-25
0.6640934604484132,0.7597111195198533,-0.221425667707749,-0.018111124311691124,-0.039802028830391134,-0.10504601798844129,2007,27,2007-07-02
0.41880650142633646,0.19755530215379202,-0.3574667442471485,0.016024275279659626,-0.1725484591583829,-0.03415953362462789,2007,28,2007-07-09
-0.0888269720353906,0.19918354057996798,-0.6682638437503126,-0.2802846490024828,-0.06481109391433051,-0.11780996248288092,2007,29,2007-07-16
0.5736650378420113,-0.04974066476412248,-0.46461577346993516,-0.14127448192104777,0.01889993422484265,-0.07632362423938613,2007,30,2007-07-23
0.7317645754363209,0.3792889574092524,-0.23907396186592814,0.21985478796897462,0.01894035751571667,0.07394675653138363,2007,32,2007-08-06
0.32639737540908353,0.2227346157155287,-0.08087593429624368,0.13917396619726044,-0.16727338706246894,-0.06391319092919336,2007,33,2007-08-13
0.6101833403366137,-0.15324765814159108,-0.19293993099226256,-0.1861000087914525,-0.18282040333578528,-0.1152701013217113,2007,34,2007-08-20
1.0490423030392853,-0.04148197887922961,0.27845054283680115,-0.216240378021839,0.24699488902915911,-0.10084566081433011,2007,35,2007-08-27
-0.23311392378216603,-0.03832504808081431,-0.2924867369770671,-0.06284319759156455,0.0495875446560208,-0.13900655460942712,2007,36,2007-09-03
0.2791936379166152,-0.15224108295058356,-0.08095797015336953,0.1715761841394235,-0.2240129168934965,-0.1060632187913585,2007,37,2007-09-10
0.3394389986385873,-0.37869972974220106,-0.1191284886766001,-0.10914381133397316,0.03128293784239821,-0.10929814128666102,2007,38,2007-09-17
0.548322234770125,-0.14380275830160985,0.2817913266314983,0.1784230483079478,-0.041914610312984976,-0.1013163629074676,2007,39,2007-09-24
0.09633946250003733,-0.34430799572619486,0.07922137973416501,-0.04151246845849149,-0.2850433139827451,0.19242541243264086,2007,40,2007-10-01
0.42625723339054217,-0.6031301981647831,-0.1477611812327449,0.013620898038942786,-0.29809804144300667,-0.12040861009563864,2007,41,2007-10-08
0.07137230520657196,-0.19770105990649,0.5738327513165907,-0.16314438720904767,0.16549408583774838,0.08749703406651912,2007,42,2007-10-15
-0.24023172610920768,-0.32594438221871236,-0.5886427549806171,0.08720515445619095,0.15507571188770156,-0.07214472358171015,2007,43,2007-10-22
-0.06900063546861666,-0.06886206384589791,0.10324228658970731,-0.5570264545467171,0.2568813999709354,-0.08234126733614824,2007,44,2007-10-29
0.13748896978939554,-0.4359967582316506,0.11576792309728792,-0.09610349168234783,0.020532713817011865,-0.01819169769287421,2007,45,2007-11-05
-0.3799562847697953,-0.08620246149938049,0.3856432836203474,0.25433348486472573,0.002415678652914921,0.03270361298027561,2007,46,2007-11-12
-0.5179845223075579,0.06760319432306197,0.058084006351950095,-0.13252986208343787,-0.224664598214126,-0.09823217793745904,2007,47,2007-11-19
-0.7035324735530617,-0.015845707843304548,0.25419553851884813,0.3429793473206476,-0.024126939464084285,-0.17086077819875756,2007,48,2007-11-26
-0.2345646513806893,-0.37721895978227044,-0.0997288104297936,0.0015448880978383428,-0.16486491590984792,-0.09497435899539718,2007,49,2007-12-03
0.016160862924361804,-0.29227186821193213,0.1830415565887343,-0.013469600719214773,0.0746701944781752,-0.12705239157080922,2007,50,2007-12-10
-0.6094479787673881,-0.20980660664609402,-0.13579198990317626,0.36686811626462873,0.13314736528120225,-0.06732956538113699,2007,51,2007-12-17
-0.3415148695726373,0.15687049350255794,0.12014716143375598,-0.16361129906408156,-0.0866055512313097,-0.10681529624202596,2007,52,2007-12-24
0.3644161142105703,0.1704065785851878,0.43345531786502556,-0.02356754708277727,-0.2132870267228276,0.015421186616040958,2008,1,2008-01-01
-0.44848917619288986,-0.09369201144954313,-0.8218662439990011,-0.1091363570861125,-0.028722427583963497,-0.3271696382473681,2008,2,2008-01-08
-0.4056189947352845,-0.021176767045801008,0.16932252108957793,0.18812609219394424,-0.054103334159506716,-0.032763261004522766,2008,3,2008-01-15
-0.4773784316962197,-0.14833384683041548,-0.17471121482755303,-0.03136634033441647,0.11568700110468089,-0.06809998726769792,2008,4,2008-01-22
-0.23283162464822313,-0.5847364990231256,-0.2086965217061324,0.1063887083221319,0.017469180339635015,-0.22305658870806597,2008,5,2008-01-29
0.42966469116306516,0.15694025926547847,0.4001848811069759,-0.1059265586928322,0.05000132625202755,-0.04916137729215252,2008,6,2008-02-05
-0.41946208474484026,0.1796461076979312,0.2516398088515588,-0.3417686410480052,-0.05143275300569282,-0.16831898629250938,2008,7,2008-02-12
-0.3919348137811957,0.09408378243733821,0.011807870732559997,0.3240886861300998,0.1531899597122618,0.02556580270562442,2008,8,2008-02-19
-0.5954286144407059,-0.15709800754259434,-0.36758491203314003,0.03362221495059706,0.029518349871568872,-0.16300946870222194,2008,9,2008-02-26
-0.3070831644146018,0.265265035228662,0.28990452091893215,0.22485651385892602,0.016431574228612092,-0.2513186167363157,2008,11,2008-03-11
-0.4686058809053074,0.22292339445994716,-0.08156826750657346,0.14883863224895444,-0.006326822139186089,-0.15664627185812105,2008,12,2008-03-18
-0.3564866889601989,-0.1432454824392721,-0.4821502987950199,0.0227773635449037,-0.22781474997341902,-0.18213105135565802,2008,13,2008-03-25
-0.2506654319434693,0.04881990527062845,0.10681262972532829,0.08190653162825312,0.22136299001453796,-0.19626921580762705,2008,14,2008-04-01
-0.2706452674571002,-0.22237799397584826,-0.23183293905687866,-0.09944589342412907,-0.04072111195385272,-0.0019989729763550054,2008,15,2008-04-08
-0.2465866312371606,-0.10259570972523965,-0.19863939344404213,0.0029772249760635708,-0.005905824865549622,-0.18508812372034567,2008,16,2008-04-15
-0.48633625344167747,-0.009280644053250124,-0.4563635146218812,-0.25352066854838706,-0.21219985074068048,-0.09040252398025711,2008,17,2008-04-22
-0.379672617741292,0.369037695192795,0.4893237455134927,-0.10665426314921682,-0.20789424088148242,-0.11610435478984392,2008,18,2008-04-29
-0.27464896299560987,0.7070743465505702,-0.04937757673362137,-0.04122438367430559,0.04207989427014874,0.05056384733557952,2008,19,2008-05-06
0.038769384544719725,0.8159821880180931,-0.6216076524200224,-0.17522618856772815,0.15763648475719763,0.03679627877802497,2008,20,2008-05-13
-0.42933218282157143,0.41124786461393803,-0.2386375537997038,-0.09703288259369312,-0.12487537886322357,-0.004410622558987353,2008,21,2008-05-20
-0.6272165487157307,0.4330621949536586,0.20497589066600364,0.03914096477802945,-0.09492272053862845,0.047980240131054355,2008,22,2008-05-27
-0.3123355324556287,0.5914969213766245,-0.051305517865008435,-0.23637523703301389,-0.06258072594425267,-0.08883395195716529,2008,23,2008-06-03
0.27746866874409604,0.587715088260927,-0.5305171337457318,-0.21616125250413784,0.0481874388610975,-0.07288726612513338,2008,24,2008-06-10
-0.542847549114295,0.14227771389359578,-0.13292853969135937,0.1615452310250889,0.11323011735491992,-0.20057773377559215,2008,25,2008-06-17
-0.3391046955123074,0.3080331302443966,-0.3477046118784047,0.18350666764709048,0.056791352300822134,-0.003116706896697731,2008,26,2008-06-24
0.2967370624932306,0.5611412298197248,-0.33422203841189835,-0.429933040610347,0.06809711885500791,-0.2708890565382773,2008,27,2008-07-01
0.2903579694933241,0.8271171508641895,-0.06940367026901015,-0.4269494821940493,0.13792822124065596,-0.28299671592743014,2008,28,2008-07-08
-0.22106532995013306,0.4404291073937053,-0.24124279343007093,0.04812513235282231,0.0022633132072240256,-0.18488352185221063,2008,29,2008-07-15
0.024752024896464775,0.2894719920263004,-0.4203986300278835,-0.043037881321582296,0.09752092321394269,0.05236679379618884,2008,30,2008-07-22
0.12065757979157093,-0.14033964761407583,-0.36989588630251047,-0.12181392679520049,-0.05758443976542041,0.08708901140245878,2008,31,2008-07-29
0.03699900450702867,0.20872689600761435,0.060101787255764094,-0.1476426861978734,-0.06755636399418914,0.347141776190769,2008,32,2008-08-05
0.28214122806966835,-0.34985939090267165,-0.6353276901275331,-0.3901551540679041,0.012783364369489347,0.13601633903355004,2008,33,2008-08-12
0.8123944297772179,-0.1452034274293414,0.058679876823078125,-0.14357366430089127,-0.036433607093280834,0.3502633345201108,2008,34,2008-08-19
0.3696290189213918,-0.2649082179793677,-0.05320524513905675,0.06844332117096184,-0.0357720250778847,0.14746066364294452,2008,35,2008-08-26
0.5016421897548237,-0.21291423296640102,-0.05921122971072846,-0.20259142755682769,0.03671878070338998,0.1955412015491832,2008,36,2008-09-02
-0.14060412004638448,0.007609349846939817,-0.010596589432498763,-0.029684819399181384,0.2006300521737749,0.28852359392948873,2008,37,2008-09-09
0.002330256033115912,0.015193649381140095,-0.08411701144735553,0.05747777155156011,-0.006275851367246154,0.21726837371860835,2008,38,2008-09-16
0.1701291520830967,-0.3937840000678818,-0.3335068495200711,-0.11660009500808749,0.05491051095858221,0.26677846987824616,2008,39,2008-09-23
0.7352463010343124,-0.3745374204801791,-0.10228998560464733,-0.3912411635365606,0.15258045953396163,0.1757883862224,2008,40,2008-09-30
0.34370129920213327,-0.15768964755516346,0.6419256226091214,0.2516898032928414,-0.07975445706891318,0.23002505835647746,2008,41,2008-10-07
0.09315402101613708,-0.1863837339917261,0.003363309845957732,-0.01334423229488537,0.022162426764120995,-0.08931488810717447,2008,42,2008-10-14
-0.18393739546066482,-0.09995573825051078,-0.03546117302312027,-0.1918658959904898,-0.04180183798198113,0.06397251183971141,2008,43,2008-10-21
-0.04862903525391095,0.06054075258206348,0.4399613322225238,-0.5113097108780941,0.20250621065929789,0.152841824365918,2008,44,2008-10-28
-0.045100553793831,-0.8817443520442148,-0.574835255014477,-0.21555580554054057,-0.15061291830484871,0.20312214170787396,2008,45,2008-11-04
0.20308802206126353,-0.4065639159176666,-0.010822601356289846,-0.026524631570548397,-0.04871554404947659,0.22877864608840953,2008,46,2008-11-11
-0.3031575965956769,-0.1473364939613147,0.5013868514470976,-0.2800395948292593,-0.020719191692266763,0.18088721490758147,2008,47,2008-11-18
-0.40558048762210136,-0.28575610948589447,0.007709837157247977,-0.09890618620696258,-0.07264958354061266,-0.12475344780894654,2008,48,2008-11-25
-0.396289325725617,0.13417443188654235,0.2451750791297086,-0.08104971932795826,-0.24897588160386902,0.14324917894639405,2008,49,2008-12-02
0.07690290180843036,-0.31272036185680935,0.10831535863193,-0.15011934303006796,0.016840396838440554,0.039368774243455674,2008,50,2008-12-09
-0.17529882977480735,-0.12027309414454423,0.33908861223952536,0.003904469897169867,-0.07893125455558699,0.1526250539054926,2008,51,2008-12-16
0.3235294862646231,-0.053731816295872675,0.406072495103768,-0.3055937812931482,0.2567812319964071,0.03451324751414393,2008,52,2008-12-23
0.24218652271258295,0.1797215635497942,0.6600619194815216,-0.24280576412177812,0.23295414075935555,0.05687723829741266,2009,1,2009-01-01
-0.3570031996613961,0.03548558804905104,0.15341527806735472,-0.05319924600866277,-0.1946594918799001,0.12881902364381212,2009,2,2009-01-08
-0.6611721183387359,0.10298709981534658,-0.04114347754251541,-0.10921396309933293,-0.0756236327354747,0.1530151785172876,2009,3,2009-01-15
-0.2980845389889602,0.32532109591616476,-0.020694452470358,-0.09732876533130987,0.19471377161564274,0.10103781942898765,2009,4,2009-01-22
-0.4634456599773678,0.06911366833263761,0.2472739722338304,0.22665515493045396,0.14745892352460255,0.13258375600231379,2009,5,2009-01-29
-0.6270049659095801,-0.22820044837414016,-0.03718621758017655,0.13845181709787688,0.36322681950474844,0.2272489654920884,2009,6,2009-02-05
-0.2507771343812276,0.2871478267518084,0.29778134897046815,-0.10773719579089212,0.055129407369935365,0.2523755705196518,2009,7,2009-02-12
-0.438417010921254,-0.029039088023347256,0.27129608199903227,0.30789289062534797,0.12839190420996222,0.2750878778529375,2009,8,2009-02-19
-0.4451117268703098,-0.33469080174149257,-0.14964526253945032,0.24746574917649172,0.2725417078592834,0.04387181739129782,2009,9,2009-02-26
-0.20006439550988334,-0.41049938211936,-0.2638245238697471,-0.21760747547935919,-0.07201818620039925,0.16040703872947334,2009,10,2009-03-05
-0.42789698278998206,0.15712495816757097,0.17871008401004243,-0.3852431673994821,0.5158752145112802,0.18859687734273328,2009,11,2009-03-12
-0.4741254022024405,0.12485724549858347,0.16147359352711363,-0.02508314621809725,0.2536462232715742,0.09204521654625909,2009,12,2009-03-19
-0.40465806621400113,-0.10725260455057577,-0.06289929776887213,0.01205874882301793,0.1375807133566859,0.13456275612936397,2009,13,2009-03-26
-0.6339505312935145,0.33168964815076607,0.5189519056578424,0.1728739391116435,0.31268494417487513,0.09787257627376025,2009,14,2009-04-02
-0.3317124526444844,0.1381800887778761,0.33034872937969734,0.47821484735737624,0.14986127534737906,0.07426137760555634,2009,15,2009-04-09
-0.5124650809016384,0.1780878030033544,-0.0373561354407857,0.15539746803229698,0.0701757052501575,0.13037753152211085,2009,16,2009-04-16
-0.516714281607177,0.09574637440410176,0.03813112965087797,-0.2307157053440264,-0.14027381643824016,0.004129069578012149,2009,17,2009-04-23
-0.40442004760009376,-0.19790632039695893,-0.1918705448796613,-0.08149471096312824,0.16769870121208075,0.11005868201530186,2009,18,2009-04-30
-0.19806422762187972,0.05756677310486377,0.05645246802088025,-0.1894971202708925,-0.22376034767325437,0.13113784484797056,2009,19,2009-05-07
-0.04304701705087022,0.08703728710375476,0.1437913362635416,-0.23380334657292443,-0.032264562478493616,0.12429531488237128,2009,20,2009-05-14
-0.0004571818572799459,-0.1698516181901281,-0.01387449663330112,0.01621950815382587,-0.03269718405176529,0.07412117180861136,2009,21,2009-05-21
-0.3704671048973174,0.27667668564781156,-0.001935944610659041,-0.25344018110261163,-0.06354887286555236,0.17722695611751782,2009,22,2009-05-28
-0.4210589135962827,0.6437951857719826,0.19435227007378417,-0.1354522863469069,-0.026074199058611622,0.24004924560585383,2009,23,2009-06-04
-0.21400449646704933,0.8217270951055722,-0.3135260127768039,-0.1762367831129737,-0.14040725672390608,0.15808948953589,2009,24,2009-06-11
-0.007516010583720581,0.08445259121600847,-0.5173285600271597,-0.19031727459686362,0.03824206498676704,0.1841716058080181,2009,25,2009-06-18
-0.37964259470494066,-0.05072498156086755,0.04031378732402724,0.2669896014483113,0.3409188713572946,0.05294260317101027,2009,26,2009-06-25
-0.21737724857199445,0.32072779522348827,-5.0654941809499116e-05,-0.06710078529937945,0.1305842907543689,0.09212604708370864,2009,27,2009-07-02
-0.06501979328308478,0.02302647499258385,-0.39752407646447757,-0.21566709627524502,0.4638941477845242,0.0534867623455497,2009,28,2009-07-09
-0.16319967909940744,0.0672358034005874,-0.23540050525602269,-0.05120075248754795,0.006657943907743,0.12793325996472932,2009,29,2009-07-16
0.1534060603505462,0.38686374521539396,-0.16974908285880574,-0.05980752667792919,-0.026789792426419212,-0.028088764587757584,2009,30,2009-07-23
0.0052574045165429675,0.49397643621623544,0.178315496604276,0.12005193588431436,-0.02447838894702717,0.1693413487518635,2009,31,2009-07-30
0.5060484354527326,-0.22401464351201025,-0.5097452533962142,-0.17799446144944148,-0.1572029764503191,0.17228791183995246,2009,32,2009-08-06
0.3745528055220154,-0.31702132682607437,-0.2760579288462157,-0.18068441757646986,-0.06154555521637051,0.028580586666821898,2009,33,2009-08-13
0.560939148745276,0.12438013483276969,0.2867818290469788,-0.372160246908549,0.04549716373870749,0.14004932177245677,2009,34,2009-08-20
0.13028211369555545,-0.28339045394567663,0.43392931925878664,0.16116481859694734,0.11705306288585826,0.14533210425519957,2009,35,2009-08-27
-0.027554315536559855,-0.7713794525942531,-0.7582786935440086,-0.17439647678821452,0.12010672025447472,0.20800684697416738,2009,36,2009-09-03
0.7968871651720066,0.0855087670693367,0.41059337748255964,-0.07710031694199619,-0.04222432866472192,0.17837103067661816,2009,37,2009-09-10
0.6464240518253362,-0.12327619479168411,0.27188537283693104,-0.2692806275634393,0.2095456525871898,0.1495702458017846,2009,38,2009-09-17
0.34782827193332533,-0.33324608264156763,0.28800315664607057,-0.029549827452717087,0.1897775101247507,0.16182072342493256,2009,39,2009-09-24
-0.0958948866115772,-0.10106185895689974,0.19915973252017136,-0.09203223240732551,-0.07213713118549239,0.21420511901141429,2009,40,2009-10-01
0.11060662104823223,-0.15359835399552257,0.1551183732138474,-0.2346855407782468,-0.24170722001334022,0.10171940421869474,2009,41,2009-10-08
0.544064601385414,-0.20557836141927815,0.18349621028825785,-0.1446347484094965,-0.08134006704080762,-0.1366595235756738,2009,42,2009-10-15
-0.0850333099742727,-0.5126952527055155,-0.03910093629651853,0.0797466595890913,-0.09805309106473066,0.1359515998899899,2009,43,2009-10-22
-0.10082081324773105,-0.3860158036527281,0.2480246120879911,-0.19057558400108462,0.08595366039605212,0.08840980666542406,2009,44,2009-10-29
0.29928764631136057,-0.5169381320578713,0.04268681647006927,-0.3770897732434955,0.10447315107271439,0.23716349332388736,2009,45,2009-11-05
0.18852846817541605,-0.9103779770059592,0.011827794589036454,0.0698566332543096,-0.01708321203430127,-0.06708556576807449,2009,46,2009-11-12
0.5325666099808019,-0.6849433476120794,0.08867975759376354,-0.1433153136253013,-0.2241641988344693,0.0005657525516435421,2009,47,2009-11-19
0.09512486123175948,-0.5139621064573034,0.13505614060558596,-0.32475869724437023,-0.12413626847056125,0.08204927876921558,2009,48,2009-11-26
-0.12271420556614084,-0.5840241167384274,-0.05391680565093264,-0.12771418350093822,-0.06110342500082963,-0.0038831513334279116,2009,49,2009-12-03
-0.012781670167029729,-0.23848100096960761,0.3742858733723315,0.0975398804868003,0.0025418926396875013,0.01117127484139539,2009,50,2009-12-10
-0.3657198607462847,-0.2243009061753325,0.24682043415370275,-0.041149275342681015,-0.0497102808864522,0.17422848677269884,2009,51,2009-12-17
-0.6012185596312829,-0.007479522679639244,-0.09326527230348584,-0.10150111508850171,0.12299815583794724,-0.13819965659162925,2009,52,2009-12-24
-0.6012185596312829,-0.007479522679639244,-0.09326527230348584,-0.10150111508850171,0.12299815583794724,-0.13819965659162925,2010,53,2010-01-01
0.42141607758883337,0.2886924524232889,0.48846794756203893,0.08852281513874405,-0.18207515640908556,0.02374466109027747,2010,1,2010-01-08
-0.08743788198041498,0.18988822433962776,0.4765906493084982,-0.18179123588653215,-0.13651456151428928,0.1185033696078484,2010,2,2010-01-15
0.17920879399900674,-0.09044759755456419,0.3349188196587101,-0.5479830923463995,0.038410603221927436,-0.0004091149028768136,2010,3,2010-01-22
-0.37198196902586433,-0.3467315560347489,0.18300455325876805,0.3476206489303648,0.11324454197818903,-0.014573077687994984,2010,4,2010-01-29
-0.31573467826837504,0.08159557836589455,0.502644918759072,-0.07197024680533703,-0.26011086797946165,-0.07253239204679225,2010,5,2010-02-05
-0.5383104634587468,-0.11576341913808444,0.2900821150470565,-0.25548842470868466,0.02448924158315853,-0.15378019246166802,2010,6,2010-02-12
0.07720116746289356,-0.3036059946303739,0.28911515419305217,-0.12710770281625208,-0.2955071648448476,0.07688195371945533,2010,7,2010-02-19
-0.31339043984800874,-0.5082435637483936,0.2128602605408028,-0.15823408393872698,-0.0012735257949440526,0.08855860280561605,2010,8,2010-02-26
-0.5546759392977059,-0.010862280860691843,0.5618837481507931,-0.2412993429085455,0.06343039693546859,0.11216129802594504,2010,9,2010-03-05
-0.1865967283905735,-0.46705810299898837,-0.0030275348015358283,-0.19851585034163569,-0.1337782256926314,0.06495796962105682,2010,10,2010-03-12
-0.32573904907911444,-0.6640512350169527,0.2879759559929283,-0.03588049336252594,0.20540198341504096,0.1759905391972739,2010,11,2010-03-19
-0.1940800950781353,-0.36208878796862554,0.12553919960804505,-0.30201657696461565,-0.10895498147363204,0.007386554186608296,2010,12,2010-03-26
0.08340724482869716,-0.0008126839612189983,0.498379940706612,-0.09079949085523928,-0.0668169557641748,0.10569081971842434,2010,13,2010-04-02
-0.31573969287408754,-0.4522859667210599,0.38886409981840114,-0.1559389164811985,0.09987890177088206,0.1956000294736382,2010,14,2010-04-09
-0.27766599434058503,0.19885905593670178,0.38489965525548125,-0.33000902374001406,-0.25624813167079064,0.02867646432196727,2010,15,2010-04-16
-0.4279297934023844,-0.30644160730807385,0.07840143202144642,-0.09131531743738716,-0.028602271039386756,-0.08386289472796939,2010,16,2010-04-23
0.14258154120965238,-0.23992741721152974,0.17291107787990373,-0.19957098459410386,-0.2297572012112995,0.12397519597546025,2010,17,2010-04-30
-0.3998376182176646,-0.13238989537578916,-0.05679671750783793,-0.33500376955938616,0.14238786904327494,-0.007445885823282006,2010,18,2010-05-07
-0.47730917865534694,0.2526700368078242,0.24796549718164135,-0.12103787007326615,-0.07351525131396339,0.1349004606799302,2010,19,2010-05-14
0.6450955487276187,0.4644958844221375,-0.17738736897000087,-0.24094265377559135,0.030281839402810595,-0.12897574431507677,2010,20,2010-05-21
0.1361085510153724,-0.4633903325461089,0.17657018269131253,-0.14421493555765427,-0.08637194304593421,0.0425270749531378,2010,21,2010-05-28
-0.2904393836980946,0.06675645642392639,0.3181467478646279,0.08291132101407737,0.03630359090863054,0.1424938177708637,2010,22,2010-06-04
-0.25157718748442737,0.4204290586278695,-0.16693977039588453,-0.19573106163624543,0.13680315246619654,-0.1830252334593405,2010,23,2010-06-11
-0.1644314607543318,0.1532859969617648,-0.40276563299133566,-0.16397891674693527,0.09365041691291728,-0.10892625563812296,2010,24,2010-06-18
0.11451222433588609,-0.10173296779152374,-0.0050599870519468446,-0.039550406925779984,0.033365700309296045,-0.12058050872983278,2010,25,2010-06-25
